baseline,,orange_1,,blue_1,,green_1,,
Wavelength (nm),Abs,Wavelength (nm),Abs,Wavelength (nm),Abs,Wavelength (nm),Abs,
800,0.0009238425991,800,0.0205639489,800,0.01294005383,800,0.004527887329,
799,0.0006809980841,799,0.02041141689,799,0.01269282401,799,0.004475680646,
798,0.0004911791766,798,0.02018400468,798,0.01256085467,798,0.004400964826,
797,0.0003359226685,797,0.02026186511,797,0.01232334785,797,0.004284771159,
796,0.0001974771731,796,0.02037109993,796,0.01215475239,796,0.004184552003,
795,-0.0001173511264,795,0.02037839778,795,0.01193617191,795,0.004227600992,
794,-0.0001415731676,794,0.02039700933,794,0.0118090082,794,0.004032725003,
793,-0.0004706106847,793,0.02029522695,793,0.01136712264,793,0.003955316264,
792,-0.0006231974112,792,0.02020116895,792,0.01134206541,792,0.003903752891,
791,-0.0008515894879,791,0.02005391382,791,0.01116646733,791,0.003781712614,
790,-0.001035549212,790,0.02033320256,790,0.01071982179,790,0.003821431426,
789,-0.001354775392,789,0.02042134665,789,0.01065765973,789,0.003723486094,
788,-0.001531454385,788,0.02024244517,788,0.01040806621,788,0.003665240947,
787,-0.001743487897,787,0.01993527263,787,0.01023088396,787,0.003746932372,
786,-0.002047972754,786,0.01969695091,786,0.009921809658,786,0.003757846542,
785,-0.002200830495,785,0.01945642941,785,0.009757295251,785,0.003799834987,
784,-0.002410426503,784,0.01929040253,784,0.009358671494,784,0.003720091889,
783,-0.002672716975,783,0.01895448007,783,0.009151328355,783,0.003916316666,
782,-0.002889182651,782,0.01874915324,782,0.008976190351,782,0.004049185663,
781,-0.003192557255,781,0.01855424419,781,0.008635579608,781,0.00404126849,
780,-0.003452218603,780,0.01833949424,780,0.008508164436,780,0.004365951754,
779,-0.003688984318,779,0.01806542464,779,0.008231125772,779,0.004513422493,
778,-0.00384906563,778,0.0177522637,778,0.007958534174,778,0.004848274868,
777,-0.00425903406,777,0.01758367755,777,0.007628336549,777,0.005084058736,
776,-0.004494335502,776,0.01721599884,776,0.007356939372,776,0.005543242674,
775,-0.00479392847,775,0.01691254601,775,0.007049771491,775,0.005998529494,
774,-0.00498390384,774,0.01669766381,774,0.00668790238,774,0.006379000377,
773,-0.005289501511,773,0.01633691601,773,0.006464356557,773,0.00702669844,
772,-0.005545612425,772,0.01598578505,772,0.006193108391,772,0.007753781509,
771,-0.005916498136,771,0.01576059684,771,0.005914051551,771,0.008480922319,
770,-0.006169023924,770,0.01548152417,770,0.005561124068,770,0.009354863316,
769,-0.006471952889,769,0.01522611454,769,0.005249354057,769,0.01036927849,
768,-0.006865032483,768,0.01495796628,768,0.005095609464,768,0.0114832595,
767,-0.006979371421,767,0.01467683818,767,0.004689072259,767,0.0128101958,
766,-0.007348475512,766,0.01425591297,766,0.004497676622,766,0.01422400214,
765,-0.007669200189,765,0.0140771009,765,0.004201070871,765,0.01588999853,
764,-0.00788461417,764,0.0137527734,764,0.003822737141,764,0.0176934544,
763,-0.00822247006,763,0.01349998079,763,0.003581816331,763,0.0198127348,
762,-0.008527930826,762,0.01312824339,762,0.003182638437,762,0.02214015275,
761,-0.008835053071,761,0.01282294001,761,0.002842813963,761,0.02471367456,
760,-0.00912644621,760,0.01256295945,760,0.00255072047,760,0.02754898742,
759,-0.009393072687,759,0.01228414848,759,0.002287343377,759,0.03099104576,
758,-0.009711532854,758,0.01195301488,758,0.001996117178,758,0.03455157951,
757,-0.009969451465,757,0.01166964881,757,0.001659324276,757,0.0385636203,
756,-0.01028051134,756,0.01136135589,756,0.001447130111,756,0.0430021584,
755,-0.01066192612,755,0.0110745253,755,0.001201033709,755,0.04802755639,
754,-0.01089671347,754,0.0107268272,754,0.0008623146568,754,0.05366034061,
753,-0.01112461276,753,0.01056227181,753,0.0004869808909,753,0.05986782908,
752,-0.01147089992,752,0.0101421345,752,0.0002012582554,752,0.06667844951,
751,-0.011733572,751,0.009852559306,751,-1.967289063E-005,751,0.07425604761,
750,-0.01204815507,750,0.009554180317,750,-0.0002952585055,750,0.08259878308,
749,-0.01236553025,749,0.009391867556,749,-0.0006772181368,749,0.09180419892,
748,-0.01257053018,748,0.008976560086,748,-0.0009686590638,748,0.1020589694,
747,-0.01286224369,747,0.00876076147,747,-0.001296554576,747,0.113406226,
746,-0.01316953171,746,0.00849654898,746,-0.001547962776,746,0.1258825958,
745,-0.01343037561,745,0.008193823509,745,-0.001875369926,745,0.1394540817,
744,-0.01377076749,744,0.007840857841,744,-0.002109544817,744,0.1543585509,
743,-0.01395073999,743,0.007508247625,743,-0.002428343054,743,0.1707802117,
742,-0.01430334896,742,0.007239820901,742,-0.002607673872,742,0.1888104975,
741,-0.01457607839,741,0.007044404279,741,-0.002948990092,741,0.2084946334,
740,-0.01481261291,740,0.006768665276,740,-0.003288137261,740,0.2295842469,
739,-0.01514512394,739,0.006437269039,739,-0.003468397306,739,0.2526533902,
738,-0.01533422433,738,0.006238851696,738,-0.003704641014,738,0.2776964903,
737,-0.01551779639,737,0.005918775219,737,-0.004042531829,737,0.3047635853,
736,-0.01583758928,736,0.005682249088,736,-0.004344691988,736,0.3337435126,
735,-0.01612846367,735,0.005420085508,735,-0.004565398209,735,0.3645382524,
734,-0.01632102393,734,0.005241729785,734,-0.004808982369,734,0.398001045,
733,-0.01663100906,733,0.005023562349,733,-0.005116442684,733,0.4329975247,
732,-0.01681383513,732,0.004667589441,732,-0.005317528266,732,0.4702599049,
731,-0.01710126922,731,0.004445682745,731,-0.005574746989,731,0.5092929006,
730,-0.01736438833,730,0.004224830307,730,-0.005702354014,730,0.5502306819,
729,-0.0175572969,729,0.003967855126,729,-0.00606657099,729,0.5932656527,
728,-0.01775797457,728,0.003781268839,728,-0.006208936684,728,0.6380808949,
727,-0.01801518165,727,0.00342198112,727,-0.006489498541,727,0.6837584972,
726,-0.01829333603,726,0.003350994084,726,-0.006756219082,726,0.7309365869,
725,-0.01850413904,725,0.003040649695,725,-0.006901874673,725,0.7791521549,
724,-0.01869942062,724,0.002812694293,724,-0.007150110789,724,0.8282473087,
723,-0.01888088137,723,0.002570249839,723,-0.007360692136,723,0.8775844574,
722,-0.01914054714,722,0.002441450953,722,-0.007562267594,722,0.9265574813,
721,-0.01935158484,721,0.002178894356,721,-0.007819380611,721,0.9759730101,
720,-0.01954950392,720,0.001972869271,720,-0.0080135772,720,1.024180293,
719,-0.01976905018,719,0.001787345507,719,-0.008206162602,719,1.071729422,
718,-0.01994170807,718,0.001577842748,718,-0.008410240524,718,1.117673874,
717,-0.02017039619,717,0.001430689939,717,-0.008574480191,717,1.161678076,
716,-0.02031918243,716,0.001196439262,716,-0.008850576356,716,1.203696847,
715,-0.0204602126,715,0.0009571781266,715,-0.009008411318,715,1.242878079,
714,-0.02065979876,714,0.0008388678543,714,-0.009146318771,714,1.278979063,
713,-0.02088095434,713,0.0006003738963,713,-0.009437350556,713,1.311623693,
712,-0.0210687574,712,0.0004181042605,712,-0.009553750046,712,1.340804815,
711,-0.02119396254,711,0.000255621504,711,-0.009649307467,711,1.366376758,
710,-0.02143199742,710,0.0001426292147,710,-0.009877203032,710,1.387494087,
709,-0.02159439027,709,-0.000116885305,709,-0.0100182239,709,1.404154658,
708,-0.02178493887,708,-0.0002490033803,708,-0.01024693809,708,1.41632688,
707,-0.02192706801,707,-0.000381288206,707,-0.01037939731,707,1.424147964,
706,-0.02201295272,706,-0.0005338545889,706,-0.01047805883,706,1.42761457,
705,-0.02218855917,705,-0.0006935522542,705,-0.01067889947,705,1.4263376,
704,-0.02236847207,704,-0.000928106776,704,-0.01080648042,704,1.420930147,
703,-0.02251606435,703,-0.001040972304,703,-0.01099323854,703,1.411172271,
702,-0.02260365151,702,-0.001225316548,702,-0.01110609248,702,1.3975178,
701,-0.02277238667,701,-0.001401583781,701,-0.01122925896,701,1.379848838,
700,-0.02291969396,700,-0.00152841059,700,-0.01142390445,700,1.358968377,
699,-0.02311128192,699,-0.00166066736,699,-0.01156336535,699,1.334801197,
698,-0.02318613604,698,-0.001824746025,698,-0.01163726207,698,1.307611942,
697,-0.02333050594,697,-0.001977836946,697,-0.01177670527,697,1.278052211,
696,-0.02344088629,696,-0.002033493016,696,-0.01192663051,696,1.246387124,
695,-0.02357894555,695,-0.002225039527,695,-0.01205409691,695,1.212423921,
694,-0.02374891937,694,-0.002404814586,694,-0.01209780294,694,1.177452445,
693,-0.02380626462,693,-0.002453775145,693,-0.01224047039,693,1.140783787,
692,-0.02395606413,692,-0.002584463917,692,-0.01241589617,692,1.103405237,
691,-0.02410497889,691,-0.00278132339,691,-0.01254382264,691,1.066074014,
690,-0.02426348813,690,-0.002936803037,690,-0.01256499812,690,1.027894139,
689,-0.02440123633,689,-0.003088166006,689,-0.01267015282,689,0.990116477,
688,-0.02442179061,688,-0.00322817103,688,-0.01278141607,688,0.9525957704,
687,-0.02458135784,687,-0.00328911352,687,-0.01290767733,687,0.9156684279,
686,-0.02462851815,686,-0.003431724617,686,-0.01298953593,686,0.879643321,
685,-0.02476952411,685,-0.00357146468,685,-0.01303023379,685,0.8442852497,
684,-0.0248548016,684,-0.003685083007,684,-0.01308579743,684,0.8101741672,
683,-0.02492241375,683,-0.003808422247,683,-0.01318093296,683,0.7777523994,
682,-0.02513799071,682,-0.003979797009,682,-0.013249835,682,0.7463272214,
681,-0.02524351515,681,-0.004122437909,681,-0.01331054233,681,0.7166851163,
680,-0.025370894,680,-0.004254060797,680,-0.0133567322,680,0.6884780526,
679,-0.02549608611,679,-0.004358582199,679,-0.01344372705,679,0.6621893048,
678,-0.02555081062,678,-0.004535324872,678,-0.0134821739,678,0.6378331184,
677,-0.02568283118,677,-0.004671893548,677,-0.01350485906,677,0.6151293516,
676,-0.02580886148,676,-0.004775955807,676,-0.01361154299,676,0.5944134593,
675,-0.02585974149,675,-0.004938708153,675,-0.01358058397,675,0.5754435658,
674,-0.02600278705,674,-0.005074894521,674,-0.01356999669,674,0.5585725904,
673,-0.0260559842,673,-0.005187198985,673,-0.01352071762,673,0.5436497927,
672,-0.02615826577,672,-0.005279476754,672,-0.01355117839,672,0.5304086208,
671,-0.02628240176,671,-0.005482634064,671,-0.01352638844,671,0.5189540386,
670,-0.02640216798,670,-0.00561379455,670,-0.01340201404,670,0.5094767809,
669,-0.02653529495,669,-0.005770869087,669,-0.01333981287,669,0.5016777515,
668,-0.02660805173,668,-0.005940143485,668,-0.01328613982,668,0.4955196083,
667,-0.02674374357,667,-0.006042217836,667,-0.01313196123,667,0.4910441339,
666,-0.02680166997,666,-0.006153761875,666,-0.01297612023,666,0.4879108965,
665,-0.0269145295,665,-0.006386203226,665,-0.01279061567,665,0.4862236679,
664,-0.02698571421,664,-0.006538102869,664,-0.01258456241,664,0.4857419729,
663,-0.0271358788,663,-0.006625250448,663,-0.01227419265,663,0.4864060879,
662,-0.02718183771,662,-0.006707537454,662,-0.01194451191,662,0.4879927635,
661,-0.02730583027,661,-0.006856980734,661,-0.011540276,661,0.4903617799,
660,-0.02736611106,660,-0.007051556837,660,-0.01112168562,660,0.4932915568,
659,-0.02741568908,659,-0.007094138768,659,-0.01061807573,659,0.4968134165,
658,-0.02752770856,658,-0.00722053647,658,-0.009934032336,658,0.5006632209,
657,-0.02756113932,657,-0.007300165482,657,-0.009162184782,657,0.5045693517,
656,-0.02761069685,656,-0.007409707643,656,-0.008332592435,656,0.5083714724,
655,-0.02764086612,655,-0.007473068777,655,-0.00735911401,655,0.511988163,
654,-0.02767657116,654,-0.007525532041,654,-0.006258286536,654,0.5152693391,
653,-0.02773233131,653,-0.00759905111,653,-0.004934971686,653,0.5179690123,
652,-0.02775083669,652,-0.007677389774,652,-0.003426896408,652,0.5199171901,
651,-0.02775316685,651,-0.007682883181,651,-0.001778601902,651,0.5211447477,
650,-0.02778454125,650,-0.007720571943,650,0.0002592735691,650,0.5214669704,
649,-0.02780552022,649,-0.007747069001,649,0.002592644421,649,0.5207905173,
648,-0.02781396918,648,-0.007756578736,648,0.005211155396,648,0.5190438628,
647,-0.02778327838,647,-0.007754748221,647,0.008182454854,647,0.5161887407,
646,-0.02775598504,646,-0.007686799392,646,0.0116730528,646,0.5120790601,
645,-0.02771907113,645,-0.00767911924,645,0.01564594172,645,0.5068795681,
644,-0.02770639397,644,-0.007670624647,644,0.02017887868,644,0.5005540252,
643,-0.02765568346,643,-0.007609836292,643,0.02541473694,643,0.4930704236,
642,-0.02765485644,642,-0.007505381946,642,0.03137305751,642,0.4845751226,
641,-0.02757804841,641,-0.007446758449,641,0.03821048141,641,0.4750557542,
640,-0.02753310278,640,-0.00737214461,640,0.04603914544,640,0.4645842612,
639,-0.02744645625,639,-0.00726768421,639,0.05498199537,639,0.4534299374,
638,-0.02735857479,638,-0.007102441043,638,0.06525918096,638,0.4413517416,
637,-0.0272690244,637,-0.007015032694,637,0.07688864321,637,0.4288750291,
636,-0.02718154714,636,-0.006878994871,636,0.0901876837,636,0.415707916,
635,-0.02709983848,635,-0.006744647864,635,0.10519398,635,0.4022494256,
634,-0.02699977532,634,-0.006607251242,634,0.122209765,634,0.3886316717,
633,-0.02693983167,633,-0.006461598445,633,0.14168486,633,0.3745268881,
632,-0.02685837075,632,-0.006331510376,632,0.1634621322,632,0.3605861068,
631,-0.0267635081,631,-0.006203322671,631,0.1880327612,631,0.3466707766,
630,-0.02664720081,630,-0.006113691255,630,0.2154472172,630,0.3328841925,
629,-0.02657172456,629,-0.005977728404,629,0.2461529374,629,0.319331944,
628,-0.02650387958,628,-0.005841671955,628,0.2803771496,628,0.3060666025,
627,-0.02644123882,627,-0.005715638865,627,0.3183402717,627,0.2930776775,
626,-0.02632162906,626,-0.005647216924,626,0.3596141338,626,0.2807471156,
625,-0.02628859133,625,-0.005514430813,625,0.4053000808,625,0.2687337101,
624,-0.0262157321,624,-0.005422918592,624,0.4546147287,624,0.2573516667,
623,-0.02615202591,623,-0.005356445443,623,0.5083445907,623,0.2464457303,
622,-0.02617313154,622,-0.005256920587,622,0.5653216839,622,0.2362542748,
621,-0.02606890537,621,-0.0051238616,621,0.6256604791,621,0.2267302871,
620,-0.02599283867,620,-0.005159061402,620,0.6902121902,620,0.2176846415,
619,-0.02594738826,619,-0.005074331537,619,0.7569691539,619,0.2093691975,
618,-0.02590256743,618,-0.004968344234,618,0.8261683583,618,0.2016298622,
617,-0.02584144846,617,-0.004940909334,617,0.8968678713,617,0.1945081353,
616,-0.02577768639,616,-0.004932156298,616,0.9681929946,616,0.187977016,
615,-0.02582432702,615,-0.00487446459,615,1.039309382,615,0.1819153279,
614,-0.02580886148,614,-0.004902159795,614,1.109077811,614,0.1763953865,
613,-0.02578934655,613,-0.004904565401,613,1.175754428,613,0.1714773774,
612,-0.02578471228,612,-0.004944594577,612,1.239655018,612,0.1668609828,
611,-0.02585339919,611,-0.004997824784,611,1.298210502,611,0.1628049016,
610,-0.02574841306,610,-0.0050092889,610,1.351463914,610,0.1590580791,
609,-0.02574948594,609,-0.005011745263,609,1.39718926,609,0.1557063162,
608,-0.02574524097,608,-0.00504889898,608,1.435363531,608,0.1524298787,
607,-0.02576119639,607,-0.005082109477,607,1.465254545,607,0.1494554579,
606,-0.02574153244,606,-0.005106516648,606,1.485839605,606,0.1466711313,
605,-0.02571074478,605,-0.005106669851,605,1.497095942,605,0.144030869,
604,-0.02566633746,604,-0.005089528859,604,1.498785615,604,0.1414602846,
603,-0.02565189265,603,-0.005054425448,603,1.491099238,603,0.1389507204,
602,-0.02563969046,602,-0.005031704437,602,1.474140406,602,0.1364312768,
601,-0.02557389811,601,-0.004925860092,601,1.448846102,601,0.1339258552,
600,-0.02551571093,600,-0.004876665771,600,1.416021585,600,0.1313676983,
599,-0.02550746128,599,-0.004761720542,599,1.375842452,599,0.1287207007,
598,-0.02542778105,598,-0.004595725331,598,1.330103993,598,0.1260670722,
597,-0.02531605028,597,-0.004409936722,597,1.27930057,597,0.123260878,
596,-0.02521430328,596,-0.004180896562,596,1.225341082,596,0.1204258054,
595,-0.02507876791,595,-0.003906791564,595,1.168563843,595,0.1174676195,
594,-0.025035372,594,-0.003711621976,594,1.11001873,594,0.1143376529,
593,-0.02492803521,593,-0.003363301745,593,1.051260829,593,0.1111503318,
592,-0.02478258125,592,-0.003028994659,592,0.9931729436,592,0.1078968868,
591,-0.0246769432,591,-0.002745312871,591,0.9361618757,591,0.1045000628,
590,-0.02459148504,590,-0.002313056728,590,0.881373167,590,0.1010273695,
589,-0.02440598421,589,-0.001903720899,589,0.8292400241,589,0.09756172448,
588,-0.02432928234,588,-0.001503646723,588,0.7800437808,588,0.09402950853,
587,-0.02420512401,587,-0.001010550535,587,0.7349931598,587,0.09044723213,
586,-0.02410301939,586,-0.0005124468007,586,0.6933051944,586,0.08686350286,
585,-0.02400809154,585,-2.526397111E-005,585,0.6559515595,585,0.08333798498,
584,-0.0239123106,584,0.0006323884591,584,0.6225365996,584,0.0797662288,
583,-0.02379469946,583,0.001329984516,583,0.5938076973,583,0.07627501339,
582,-0.0236563161,582,0.002020718995,582,0.5692446828,582,0.07279525697,
581,-0.02356394008,581,0.002722087316,581,0.5489828587,581,0.0694757998,
580,-0.02351102419,580,0.003630052321,580,0.5329079032,580,0.06618142873,
579,-0.02334282175,579,0.004564378411,579,0.5211368799,579,0.06306430697,
578,-0.0232853163,578,0.005516107194,578,0.5132443905,578,0.05997293442,
577,-0.02322554588,577,0.00661887601,577,0.5091825128,577,0.05703584105,
576,-0.02306955308,576,0.007868218236,576,0.5087596178,576,0.05426587164,
575,-0.02296045423,575,0.009214067832,575,0.5117035508,575,0.05157504603,
574,-0.02283978462,574,0.01065368019,574,0.5176850557,574,0.04912963882,
573,-0.02285078727,573,0.01228026114,573,0.526342392,573,0.0466828458,
572,-0.02274747938,572,0.01400980446,572,0.5373474956,572,0.04448480159,
571,-0.02265834808,571,0.01603190042,571,0.5502192974,571,0.04235689342,
570,-0.02254427783,570,0.01810930483,570,0.5643785,570,0.04040294141,
569,-0.02240456268,569,0.02057477832,569,0.5793014169,569,0.03865644708,
568,-0.0222849194,568,0.02326880209,568,0.5947370529,568,0.03692883998,
567,-0.02226229385,567,0.02615393884,567,0.609774828,567,0.0352451615,
566,-0.02222407609,566,0.02935688756,566,0.6237767935,566,0.03374930099,
565,-0.02211997844,565,0.03286227584,565,0.6362740397,565,0.03232979402,
564,-0.02205999941,564,0.0366913192,564,0.6466788054,564,0.03098064847,
563,-0.02199459635,563,0.04098522291,563,0.6546013355,563,0.0296937488,
562,-0.02198120952,562,0.04567027465,562,0.6596657634,562,0.02847474255,
561,-0.02187055722,561,0.05084498599,561,0.6613177061,561,0.02729112469,
560,-0.02179577015,560,0.0565787442,560,0.6595736742,560,0.0261225421,
559,-0.02180049755,559,0.06289681047,559,0.6542688608,559,0.02507179789,
558,-0.02172062732,558,0.06977061182,558,0.6452672482,558,0.02396211959,
557,-0.0216749236,557,0.07738025486,557,0.6329931617,557,0.02295910008,
556,-0.02154783718,556,0.08564591408,556,0.6174079776,556,0.02191284113,
555,-0.02151152678,555,0.09484112263,555,0.5986449122,555,0.02086485922,
554,-0.02148600295,554,0.1048588902,554,0.5774644613,554,0.01981975324,
553,-0.02138867788,553,0.1157244444,553,0.5544058681,553,0.01880840212,
552,-0.02136078291,552,0.1277006269,552,0.5293519497,552,0.0177465193,
551,-0.02122418769,551,0.1406261474,551,0.5034070611,551,0.01674269699,
550,-0.02120988816,550,0.1547925621,550,0.4765318632,550,0.01579385623,
549,-0.02116556279,549,0.1700080037,549,0.4495525956,549,0.01481992379,
548,-0.02106614411,548,0.1864820719,548,0.4229609668,548,0.0138812298,
547,-0.02095806785,547,0.2043531388,547,0.3967097998,547,0.01290218532,
546,-0.02095022425,546,0.2233753204,546,0.371414721,546,0.0120491609,
545,-0.02090804279,545,0.2438201159,545,0.3472741842,545,0.01096388698,
544,-0.02083565667,544,0.2656460106,544,0.3245420158,544,0.01003030315,
543,-0.02074899524,543,0.288687259,543,0.3033981919,543,0.009165525436,
542,-0.02070684172,542,0.313154608,542,0.2840328515,542,0.008312387392,
541,-0.02070580609,541,0.338832587,541,0.2663909495,541,0.007492023986,
540,-0.0206262283,540,0.3655146062,540,0.2505721748,540,0.006708643865,
539,-0.02061832882,539,0.3937146366,539,0.2362730056,539,0.005917252973,
538,-0.02057710104,538,0.4225976169,538,0.223781094,538,0.005171309225,
537,-0.02051468566,537,0.4523788989,537,0.2128536254,537,0.004445238039,
536,-0.02051542513,536,0.4825280607,536,0.2035931796,536,0.003829187481,
535,-0.02043136768,535,0.5130711794,535,0.1957330555,535,0.003155024489,
534,-0.02037881128,534,0.5436871052,534,0.1891368032,534,0.002559782006,
533,-0.02032896504,533,0.5738593936,533,0.1836744249,533,0.002003736794,
532,-0.02028469555,532,0.6030332446,532,0.1793133169,532,0.001436845167,
531,-0.02026028745,531,0.6312160492,531,0.1758122295,531,0.0009262291715,
530,-0.02019609511,530,0.6575630903,530,0.1730132997,530,0.0004332883109,
529,-0.02015601471,529,0.6818301678,529,0.1707592309,529,3.914134868E-005,
528,-0.02014004998,528,0.703314662,528,0.1688446999,528,-0.0004346666683,
527,-0.02012655698,527,0.7212836742,527,0.1672052145,527,-0.0008537596441,
526,-0.02001795173,526,0.7359575033,526,0.1655826122,526,-0.001210964168,
525,-0.0199832432,525,0.7463377118,525,0.1638538092,525,-0.001544196857,
524,-0.0199680645,524,0.7524082065,524,0.1618584394,524,-0.001881452627,
523,-0.01995886676,523,0.7537255287,523,0.159676522,523,-0.00220160326,
522,-0.01990625262,522,0.7505885363,522,0.1568929702,522,-0.002541746013,
521,-0.01986975409,521,0.74273175,521,0.1536647528,521,-0.002784152515,
520,-0.01975910552,520,0.7306897044,520,0.1499742419,520,-0.003095722524,
519,-0.01971992478,519,0.7150161862,519,0.1456634551,519,-0.003334840527,
518,-0.01969132759,518,0.6959732771,518,0.1408802569,518,-0.003567870473,
517,-0.01961290091,517,0.6745949388,517,0.1355986744,517,-0.00379569456,
516,-0.01956979558,516,0.651322782,516,0.1298256218,516,-0.004066536203,
515,-0.01951960847,515,0.6274213791,515,0.1237899885,515,-0.00424267957,
514,-0.01945194229,514,0.6034194827,514,0.117481932,514,-0.004447603133,
513,-0.01941807941,513,0.57964468,513,0.1109480932,513,-0.004647461697,
512,-0.0193179138,512,0.5573602915,512,0.104380019,512,-0.004785172641,
511,-0.01928260364,511,0.5367974639,511,0.09782801569,511,-0.005039585289,
510,-0.01921445504,510,0.5181178451,510,0.09141547233,510,-0.005145452917,
509,-0.0191840902,509,0.5017232299,509,0.0851617083,509,-0.005308475811,
508,-0.01911552995,508,0.4876589477,508,0.07912130654,508,-0.005386666395,
507,-0.01906816475,507,0.4757981896,507,0.07339736819,507,-0.005512284115,
506,-0.01900736429,506,0.4664248824,506,0.06809815764,506,-0.00561548071,
505,-0.01893381961,505,0.459263891,505,0.06313426048,505,-0.005671848077,
504,-0.01886794344,504,0.45418486,504,0.05853085592,504,-0.005793602671,
503,-0.01884989999,503,0.4510761797,503,0.05432893708,503,-0.005831046961,
502,-0.01878460683,502,0.4498687387,502,0.05055424571,502,-0.005836104043,
501,-0.01871409826,501,0.4503568709,501,0.04721669853,501,-0.005828697234,
500,-0.01868776605,500,0.452344209,500,0.04415151849,500,-0.005853624549,
499,-0.01867998019,499,0.4557366669,499,0.04147565365,499,-0.005758965388,
498,-0.01859005913,498,0.4601116776,498,0.0391385071,498,-0.005696017761,
497,-0.01851550117,497,0.4652332067,497,0.03703775629,497,-0.005612567998,
496,-0.01843452826,496,0.4708654583,496,0.0351889357,496,-0.00549771497,
495,-0.01841239631,495,0.4765802622,495,0.03357288241,495,-0.005339671858,
494,-0.0183770638,494,0.4819837809,494,0.03206235915,494,-0.005191598553,
493,-0.01832713559,493,0.4865828156,493,0.03077606112,493,-0.004982163664,
492,-0.01828549244,492,0.4900805056,492,0.02958732657,492,-0.004716860596,
491,-0.01818471774,491,0.4920701683,491,0.02840509638,491,-0.004478861112,
490,-0.01816098392,490,0.4920838475,490,0.02732122503,490,-0.004190330859,
489,-0.01811842993,489,0.4899676144,489,0.02630305663,489,-0.003973179031,
488,-0.01806633733,488,0.4854044318,488,0.02517879382,488,-0.003585431259,
487,-0.01802034862,487,0.478256464,487,0.02416776307,487,-0.003328418359,
486,-0.01796844229,486,0.4684682786,486,0.02301589586,486,-0.002996552503,
485,-0.01793048903,485,0.456494242,485,0.02190303989,485,-0.002652340569,
484,-0.01782863773,484,0.442067951,484,0.0207344573,484,-0.0023803066,
483,-0.01782719791,483,0.425917238,483,0.01951989159,483,-0.002025145106,
482,-0.01779454947,482,0.4083712995,482,0.01830355637,482,-0.001819023397,
481,-0.01776209846,481,0.3900343478,481,0.01709425263,481,-0.001474237652,
480,-0.01767815091,480,0.3711808026,480,0.01587340422,480,-0.00123455748,
479,-0.01762958616,479,0.3523459435,479,0.01468457561,479,-0.001014631009,
478,-0.0175866317,478,0.3339601159,478,0.01346422639,478,-0.0007985722623,
477,-0.0175902117,477,0.3166354299,477,0.01232092455,477,-0.0006244898541,
476,-0.01753715985,476,0.3001254499,476,0.01124116033,476,-0.0004883488873,
475,-0.01749200933,475,0.2849835455,475,0.01012313645,475,-0.0003103136551,
474,-0.01750508696,474,0.2709586918,474,0.009146780707,474,-0.0001892369619,
473,-0.01746560261,473,0.2584091723,473,0.008246347308,473,-7.878973702E-005,
472,-0.01744924113,472,0.2471875995,472,0.007395485416,472,2.3038574E-006,
471,-0.01742059365,471,0.2371388078,471,0.006580845453,471,0.0001174346253,
470,-0.01737861522,470,0.2283180356,470,0.005864013452,470,0.0002845800191,
469,-0.01735503599,469,0.2205981314,469,0.005234105512,469,0.0005159289576,
468,-0.01730320044,468,0.2138491124,468,0.004648829345,468,0.0006510280073,
467,-0.01732618362,467,0.2080332488,467,0.004137639422,467,0.0009362685378,
466,-0.01728867367,466,0.2029129714,466,0.003636056324,466,0.001240361365,
465,-0.01725155674,465,0.19851017,465,0.003227231326,465,0.00162980624,
464,-0.01729369722,464,0.19465895,464,0.00284661795,464,0.002077469137,
463,-0.01727469265,463,0.1911427975,463,0.002481281525,463,0.00262480625,
462,-0.01725802571,462,0.1877086461,462,0.002240687143,462,0.003181256354,
461,-0.01722792163,461,0.184406355,461,0.00195477088,461,0.003921880387,
460,-0.01725145802,460,0.1809906512,460,0.001739573549,460,0.004681535996,
459,-0.0172484722,459,0.1772560775,459,0.001494999859,459,0.005541695748,
458,-0.01727956906,458,0.1731178761,458,0.001309160842,458,0.006493627094,
457,-0.01722598262,457,0.1684115082,457,0.001111073885,457,0.007477196865,
456,-0.01725295,456,0.163265422,456,0.0009964837227,456,0.008561966941,
455,-0.01723658107,455,0.1574667245,455,0.0008798746276,455,0.0095589431,
454,-0.01727842353,454,0.1511770636,454,0.0007688462501,454,0.01061603799,
453,-0.01726061292,453,0.1443586797,453,0.0007093367749,453,0.01167315897,
452,-0.01724817418,452,0.1373032331,452,0.0007033992442,452,0.01270964276,
451,-0.01727066189,451,0.1300706863,451,0.0006432246882,451,0.01367003378,
450,-0.01723996364,450,0.1227561757,450,0.0006642757799,450,0.01451610588,
449,-0.01728544012,449,0.1155305654,449,0.0007138483343,449,0.01535549015,
448,-0.0172388684,448,0.1086318195,448,0.0009114688728,448,0.01606101729,
447,-0.01730180718,447,0.1018757448,447,0.001064284355,447,0.01657407358,
446,-0.01726638339,446,0.09560830891,446,0.001283041784,446,0.01703919284,
445,-0.01727588661,445,0.08971697837,445,0.001622998621,445,0.01736056991,
444,-0.01728449389,444,0.08427228779,444,0.001955186948,444,0.01754664257,
443,-0.01731061377,443,0.07945162058,443,0.002345533809,443,0.01767938025,
442,-0.01728484221,442,0.07488661259,442,0.002759494819,442,0.01757437736,
441,-0.0172846429,441,0.0708931759,441,0.003224362619,441,0.01746670716,
440,-0.01724085957,440,0.06718081236,440,0.003807120724,440,0.0173099488,
439,-0.01726548746,439,0.06389570236,439,0.004350577015,439,0.01710259914,
438,-0.01727504097,438,0.06093130633,438,0.00491427118,438,0.01674686745,
437,-0.01726051234,437,0.05820296332,437,0.005449023563,437,0.01654217951,
436,-0.01722424105,436,0.05575013161,436,0.005981076043,436,0.01635489799,
435,-0.0172576271,435,0.0535438396,435,0.006426838692,435,0.01617051661,
434,-0.01727484167,434,0.05142029002,434,0.006851600017,434,0.01608538069,
433,-0.01727499068,433,0.04940205067,433,0.007220633328,433,0.0161389485,
432,-0.01730509102,432,0.04743871093,432,0.007593562827,432,0.01629767381,
431,-0.01726513915,431,0.04556486756,431,0.007824569009,431,0.01656987704,
430,-0.01726280153,430,0.04360061139,430,0.00802292116,430,0.01695044152,
429,-0.01729921997,429,0.04167930782,429,0.008200550452,429,0.01748344116,
428,-0.01735916547,428,0.03963108361,428,0.008382501081,428,0.0181588307,
427,-0.01726160757,427,0.03761779517,427,0.008533850312,427,0.01888585463,
426,-0.01729300059,426,0.0355325155,426,0.008696264587,426,0.01969567686,
425,-0.0173193682,425,0.03353017941,425,0.009020166472,425,0.02065702714,
424,-0.01727922074,424,0.0315214172,424,0.009328387678,424,0.02156218141,
423,-0.01730514131,423,0.02948766015,423,0.009903244674,423,0.02253577299,
422,-0.01730364747,422,0.02763543464,422,0.01049397979,422,0.02347463742,
421,-0.01728658378,421,0.02584016696,421,0.01136329584,421,0.02449470758,
420,-0.01728076302,420,0.02415347844,420,0.01238835882,420,0.02545464598,
419,-0.01726941951,419,0.02258054353,419,0.01365307067,419,0.02628757246,
418,-0.01727120951,418,0.02114450745,418,0.01492927223,418,0.02701531537,
417,-0.01723881997,417,0.01985925809,417,0.01649872586,417,0.02776177227,
416,-0.01728121005,416,0.01865691692,416,0.01821999811,416,0.02826304361,
415,-0.01728374697,415,0.01755346172,415,0.0201023072,415,0.02874155156,
414,-0.01722742431,414,0.0165768154,414,0.02189617977,414,0.02915284038,
413,-0.01722205058,413,0.01569086686,413,0.02377481014,413,0.02941472083,
412,-0.01720577851,412,0.01496043149,412,0.02558801137,412,0.02948840894,
411,-0.01722802222,411,0.01423098333,411,0.0273411572,411,0.02954855934,
410,-0.01726688072,410,0.01357446238,410,0.02889800817,410,0.02942926437,
409,-0.01724071056,409,0.01294472069,409,0.03030821495,409,0.02930709161,
408,-0.01723369397,408,0.01232643705,408,0.03137055412,408,0.02908410877,
407,-0.01725364663,407,0.01183454413,407,0.03226236999,407,0.02870100923,
406,-0.01721205004,406,0.01140690316,406,0.03275973722,406,0.0284300521,
405,-0.0172761362,405,0.01101387944,405,0.03319116682,405,0.02809651569,
404,-0.01728474349,404,0.01053296495,404,0.03326804191,404,0.02784114331,
403,-0.01726832427,403,0.01017374732,403,0.03315520659,403,0.02741937526,
402,-0.01724125817,402,0.009849593975,402,0.0328720212,402,0.02698308602,
401,-0.01730693132,401,0.00959898252,401,0.03251739591,401,0.02671105042,
400,-0.01743835025,400,0.009352932684,400,0.03207166865,400,0.02636362053,
399,-0.01732210442,399,0.00915902108,399,0.03168277815,399,0.02601069584,
398,-0.01742760651,398,0.009096500464,398,0.03142990917,398,0.02564542741,
397,-0.01744556054,397,0.009056481533,397,0.03134364635,397,0.02543493733,
396,-0.01743034273,396,0.009215231985,396,0.03146861866,396,0.02514011785,
395,-0.01744919084,395,0.009209044278,395,0.03185096756,395,0.0248997435,
394,-0.01752726547,394,0.009368537925,394,0.03248927742,394,0.02464259975,
393,-0.01750160754,393,0.009599722922,393,0.03338227794,393,0.02441800013,
392,-0.01758951508,392,0.00987938419,392,0.03455836326,392,0.02425805666,
391,-0.01766676828,391,0.01012332179,391,0.03590425849,391,0.02394649945,
390,-0.01770916767,390,0.01039533969,390,0.03737789392,390,0.02373478189,
389,-0.01770126447,389,0.01062702015,389,0.03898414969,389,0.0235771127,
388,-0.01776522957,388,0.01088483445,388,0.04054015502,388,0.02335727029,
387,-0.01789188758,387,0.01104045752,387,0.04211213812,387,0.02310191095,
386,-0.01794360392,386,0.01125701983,386,0.04355181754,386,0.02284170873,
385,-0.01790545136,385,0.0114514716,385,0.04485611245,385,0.02262692899,
384,-0.01804478467,384,0.01165427919,384,0.04604084417,384,0.02242198586,
383,-0.01813774742,383,0.01180374157,383,0.04702286795,383,0.02217335813,
382,-0.01818690076,382,0.01196967158,382,0.04781636968,382,0.02183108963,
381,-0.01822011545,381,0.0122047225,381,0.04848184064,381,0.02155497111,
380,-0.01831998862,380,0.01265593618,380,0.04901704192,380,0.02122996189,
379,-0.01827700436,379,0.01310980786,379,0.04941548035,379,0.02093512751,
378,-0.0184073355,378,0.0137848109,378,0.04958412051,378,0.02052215487,
377,-0.01837006584,377,0.01464216411,377,0.04992415756,377,0.02026867308,
376,-0.01846028119,376,0.01549257617,376,0.05000378937,376,0.01995654777,
375,-0.01850170828,375,0.01660048217,375,0.05005924031,375,0.01969169453,
374,-0.01857939549,374,0.01791206561,374,0.05006069317,374,0.01943742484,
373,-0.01867502183,373,0.01926856302,373,0.0499756746,373,0.01927557215,
372,-0.01867085509,372,0.02077562176,372,0.04959459603,372,0.01920191944,
371,-0.01866892166,371,0.02231746539,371,0.04900284111,371,0.01912373304,
370,-0.01880275272,370,0.02401978523,370,0.04826458916,370,0.01926826499,
369,-0.01877989806,369,0.02551800199,369,0.04722356796,369,0.01930699125,
368,-0.01886204444,368,0.02698636428,368,0.04620449618,368,0.01949341223,
367,-0.0189702455,367,0.02837146446,367,0.04496117309,367,0.01978255436,
366,-0.01913514733,366,0.0295330435,366,0.04369295016,366,0.01997790672,
365,-0.01921480149,365,0.03050602973,365,0.04243809357,365,0.02017874271,
364,-0.01926670782,364,0.03102543764,364,0.04125943035,364,0.02040897496,
363,-0.01936376654,363,0.03151028603,363,0.0401972495,363,0.02074567042,
362,-0.01943288185,362,0.03176270053,362,0.03925772384,362,0.02102901787,
361,-0.01960765384,361,0.03198670223,361,0.03840590268,361,0.02134955488,
360,-0.01967529766,360,0.03203034028,360,0.03774983808,360,0.02160603553,
359,-0.01974614523,359,0.03221179172,359,0.03724570945,359,0.0219946336,
358,-0.01981564611,358,0.03250054643,358,0.03676822409,358,0.02233316191,
357,-0.01989700459,357,0.03318560869,357,0.03658251837,357,0.02263156511,
356,-0.01989710331,356,0.03389346972,356,0.0362457037,356,0.0227483809,
355,-0.02010535263,355,0.03508901224,355,0.03618335351,355,0.02306685969,
354,-0.02015285194,354,0.0367911309,354,0.03608163074,354,0.02325118706,
353,-0.02024180628,353,0.03872537985,353,0.03603094444,353,0.02360078134,
352,-0.02025529556,352,0.04098502174,352,0.03591367975,352,0.02394447662,
351,-0.02037169784,351,0.0437190868,351,0.03589163348,351,0.02437334135,
350,-0.02037263475,350,0.04638407752,350,0.03599992394,350,0.02486610971,
349,-0.01333037484,349,0.0386152789,349,0.02870424464,349,0.02669847012,
348,-0.01332409866,348,0.04160964489,348,0.02873837203,348,0.02729302645,
347,-0.01317219343,347,0.04465064779,347,0.02881105989,347,0.02798871696,
346,-0.01371388696,346,0.04743899778,346,0.02895428613,346,0.02868585475,
345,-0.01387954224,345,0.05029977113,345,0.02883429639,345,0.02925323322,
344,-0.01388019416,344,0.05305272713,344,0.02899690159,344,0.02969593927,
343,-0.01393720321,343,0.05559381843,343,0.02922490612,343,0.03052832931,
342,-0.01430705655,342,0.05895318836,342,0.02907768823,342,0.03126761317,
341,-0.01450528391,341,0.06250375509,341,0.02975950018,341,0.03211060539,
340,-0.01461182255,340,0.06602863967,340,0.0297242403,340,0.03304173425,
339,-0.01496564597,339,0.06950936466,339,0.02962434851,339,0.03404770419,
338,-0.01527979691,338,0.07337851822,338,0.02949475311,338,0.034839876,
337,-0.01518157125,337,0.07745330036,337,0.02981106564,337,0.03622736037,
336,-0.01547972951,336,0.08116044104,336,0.02979115956,336,0.03757802397,
335,-0.0158800669,335,0.08480581641,335,0.03021612763,335,0.03914714605,
334,-0.01585496031,334,0.08806023002,334,0.03038896807,334,0.04096869379,
333,-0.01599949226,333,0.09105694294,333,0.0304240603,333,0.04310282692,
332,-0.01611299813,332,0.09335851669,332,0.03076008521,332,0.04517408088,
331,-0.01634286344,331,0.09536191076,331,0.03116302751,331,0.04734747857,
330,-0.0166208446,330,0.09656990319,330,0.03134929389,330,0.04934343696,
329,-0.01672003977,329,0.09775435179,329,0.03158187866,329,0.05161058158,
328,-0.01703909785,328,0.09884703159,328,0.03196496889,328,0.05329415947,
327,-0.01738582738,327,0.09955199063,327,0.03211835399,327,0.05424604565,
326,-0.01753880084,326,0.1003342047,326,0.03255866095,326,0.05522591621,
325,-0.01788905635,325,0.100985691,325,0.0328162387,325,0.05572552606,
324,-0.0180525817,324,0.1017485783,324,0.03296367079,324,0.05573603511,
323,-0.01822795905,323,0.1025753766,323,0.03323733062,323,0.05591003224,
322,-0.01866951585,322,0.1027646363,322,0.03351647779,322,0.05574665964,
321,-0.01864218898,321,0.1032335907,321,0.03342901915,321,0.0556945391,
320,-0.01900310256,320,0.102740109,320,0.03350842372,320,0.05587967858,
319,-0.01924338005,319,0.1018808186,319,0.03369097412,319,0.05571434274,
318,-0.01946872286,318,0.1005240604,318,0.03326144814,318,0.05504857749,
317,-0.01987875625,317,0.09865303338,317,0.03281218931,317,0.05502885953,
316,-0.02003065683,316,0.09677134454,316,0.03233548254,316,0.05395020545,
315,-0.02041536383,315,0.09433813393,315,0.03154351935,315,0.05320921168,
314,-0.02053103037,314,0.09169890732,314,0.03093764558,314,0.05186177418,
313,-0.02087286301,313,0.08892723918,313,0.03012206033,313,0.05052656308,
312,-0.02119317465,312,0.08566634357,312,0.02935661003,312,0.04930422828,
311,-0.02136452869,311,0.08259559423,311,0.02859449759,311,0.04791530222,
310,-0.02163768932,310,0.07944198698,310,0.02790664136,310,0.04654811695,
309,-0.02199700847,309,0.07620090246,309,0.02718859538,309,0.04513826221,
308,-0.02223179862,308,0.07275222242,308,0.02664829232,308,0.04403160885,
307,-0.02243829146,307,0.06937456876,307,0.02600852586,307,0.04288822412,
306,-0.02278412879,306,0.06605470926,306,0.02569071203,306,0.04184166342,
305,-0.02292936854,305,0.06264758855,305,0.02523428947,305,0.04094946384,
304,-0.02322785184,304,0.05945787951,304,0.02520512789,304,0.0402985774,
303,-0.02342160791,303,0.05639563501,303,0.02508016117,303,0.03944293037,
302,-0.02374230139,302,0.05313106254,302,0.02488329634,302,0.03885521367,
301,-0.02391716093,301,0.05054357275,301,0.02490358241,301,0.03836761415,
300,-0.02416702732,300,0.04809087887,300,0.02486605383,300,0.03781032562,
299,-0.02440657094,299,0.04619378597,299,0.02459087595,299,0.03730745241,
298,-0.02457480319,298,0.04429636896,298,0.0239411667,298,0.03704310954,
297,-0.02457348257,297,0.04356761649,297,0.02326708101,297,0.0370930396,
296,-0.02485103719,296,0.04312198237,296,0.02262182906,296,0.03731695935,
295,-0.02480214089,295,0.043110203,295,0.02191017196,295,0.03757398576,
294,-0.02497657388,294,0.0433591567,294,0.02135151252,294,0.03828565031,
293,-0.02480272762,293,0.04396950454,293,0.02096500993,293,0.03884867579,
292,-0.02470760979,292,0.04486176372,292,0.02062681317,292,0.04000944644,
291,-0.02469191141,291,0.04544574395,291,0.02067475393,291,0.04095481336,
290,-0.0246961657,290,0.04599266872,290,0.02077974752,290,0.04204463214,
289,-0.0247547552,289,0.04618298635,289,0.0210618414,289,0.04336573556,
288,-0.0246118363,288,0.04630346224,288,0.0214993991,288,0.04466941208,
287,-0.02477465943,287,0.04602809623,287,0.02202616818,287,0.04619916901,
286,-0.02494861558,286,0.04576477781,286,0.02285938896,286,0.04807271808,
285,-0.02500560693,285,0.04532398656,285,0.02347116731,285,0.05033188686,
284,-0.02510090359,284,0.045366887,284,0.02456279844,284,0.05293410644,
283,-0.0253041815,283,0.0455365479,283,0.0255208835,283,0.05615992472,
282,-0.02554256096,282,0.04601131752,282,0.02610173263,282,0.0599456504,
281,-0.02561314031,281,0.04644756764,281,0.02666023746,281,0.06424866617,
280,-0.02575334162,280,0.04639666528,280,0.02686782368,280,0.06909771264,
279,-0.02600025199,279,0.04626464471,279,0.0269719027,279,0.07391346246,
278,-0.02637430094,278,0.04579265043,278,0.02696234547,278,0.07865514606,
277,-0.02651951462,277,0.04480594024,277,0.02756264061,277,0.08278379589,
276,-0.02661189809,276,0.04380153865,276,0.02821563929,276,0.08570304513,
275,-0.02681300975,275,0.04279094189,275,0.02970921621,275,0.08723241091,
274,-0.02687443048,274,0.0418584533,274,0.03140138462,274,0.08730083704,
273,-0.02692581899,273,0.04175875336,273,0.0332278572,273,0.08594604582,
272,-0.02711875923,272,0.04202258587,272,0.03523053601,272,0.08371198177,
271,-0.02730432153,271,0.0423880592,271,0.03693890199,271,0.08128087968,
270,-0.02724549174,270,0.04373712093,270,0.03847485408,270,0.07861910015,
269,-0.02741666138,269,0.04541680217,269,0.03991113603,269,0.07673451304,
268,-0.02759966813,268,0.04772861302,268,0.04136405513,268,0.07505116612,
267,-0.02783412114,267,0.05084440485,267,0.04321627691,267,0.07417316735,
266,-0.02783936448,266,0.05397362635,266,0.04597073793,266,0.07373712957,
265,-0.02798146941,265,0.05671898276,265,0.04942540079,265,0.07401259989,
264,-0.02787107229,264,0.05884166062,264,0.05379802734,264,0.07463690639,
263,-0.02799185738,263,0.06008769572,263,0.05910128355,263,0.07595910132,
262,-0.0280483067,262,0.06081644073,262,0.06532046944,262,0.07770438492,
261,-0.02824361064,261,0.06180801243,261,0.07206334919,261,0.08018703759,
260,-0.02831874974,260,0.06377246231,260,0.07969596982,260,0.08313787729,
259,-0.02838543802,259,0.06677480042,259,0.08786193281,259,0.08616064489,
258,-0.028548209,258,0.07100729644,258,0.09641176462,258,0.08937998116,
257,-0.02816622704,257,0.07664822042,257,0.1051700041,257,0.09253384173,
256,-0.02820814773,256,0.0825580284,256,0.1138267219,256,0.0956415385,
255,-0.02801102959,255,0.08876337856,255,0.1219008788,255,0.09872175008,
254,-0.02794501372,254,0.09511651844,254,0.1292492896,254,0.1018322483,
253,-0.02767744474,253,0.1017138585,253,0.1360595673,253,0.1054361537,
252,-0.0276181791,252,0.1090089232,252,0.1419487745,252,0.1096673012,
251,-0.0270667132,251,0.1173806414,251,0.1480663866,251,0.1144107133,
250,-0.02692426182,250,0.1270414144,250,0.154957667,250,0.1204228327,
249,-0.02630857006,249,0.1381340772,249,0.1631193906,249,0.1271702349,
248,-0.02577095479,248,0.1501872689,248,0.1730021089,248,0.1355294883,
247,-0.02525313944,247,0.1633497626,247,0.1845315248,247,0.1447554231,
246,-0.02446412295,246,0.177378118,246,0.1975324601,246,0.1555210054,
245,-0.02370705642,245,0.1937278658,245,0.2118019313,245,0.1683220863,
244,-0.0229139477,244,0.2130345702,244,0.2275432348,244,0.1842144728,
243,-0.02188852429,243,0.2349107265,243,0.2441984117,243,0.2033849061,
242,-0.02067263424,242,0.2592676282,242,0.2615945935,242,0.2264875472,
241,-0.01931662671,241,0.283696264,241,0.2787443399,241,0.2511467934,
240,-0.01769654267,240,0.3073808849,240,0.2942965627,240,0.2745851874,
239,-0.01593461819,239,0.3299686313,239,0.3070586622,239,0.2932399511,
238,-0.01362423692,238,0.3517722189,238,0.3172703385,238,0.3071973324,
237,-0.01113667246,237,0.3734278977,237,0.3253238797,237,0.3182350397,
236,-0.007819686085,236,0.3955230415,236,0.3329532444,236,0.3286757767,
235,-0.003873850219,235,0.4206838906,235,0.3408930302,235,0.3391529918,
234,0.001129759941,234,0.4492047131,234,0.3495139182,234,0.3489920199,
233,0.00711539248,233,0.4807639122,233,0.357717365,233,0.3567343354,
232,0.01294381358,232,0.5117754936,232,0.3650544882,232,0.3628059328,
231,0.01758332737,231,0.5389969945,231,0.3701610267,231,0.3668363392,
230,0.02170736343,230,0.561357677,230,0.3742209077,230,0.3700540066,
229,0.0257739611,229,0.5786991715,229,0.3776421249,229,0.3728173077,
228,0.02971123904,228,0.5926104784,228,0.3809638619,228,0.3754743934,
227,0.03403583542,227,0.6022858024,227,0.3854962587,227,0.3780442476,
226,0.03775954992,226,0.6083030701,226,0.3905496299,226,0.380679816,
225,0.04063696042,225,0.6088283062,225,0.3950323462,225,0.382191062,
224,0.04260116071,224,0.6035164595,224,0.4000989497,224,0.3837389052,
223,0.04459697381,223,0.5953998566,223,0.404584676,223,0.3853444755,
222,0.045400884,222,0.584679842,222,0.4107703567,222,0.3869920373,
221,0.0469029136,221,0.5716216564,221,0.4183656871,221,0.3887727559,
220,0.04912105948,220,0.5593878031,220,0.4257080257,220,0.3903788626,
219,0.04928491637,219,0.546176672,219,0.4331667423,219,0.3914641142,
218,0.04915033653,218,0.5310842991,218,0.4402185082,218,0.3939198852,
217,0.05242475867,217,0.5186981559,217,0.4451328218,217,0.3950387537,
216,0.0512455143,216,0.5058705211,216,0.4505895972,216,0.3984056115,
215,0.05240130424,215,0.4954714179,215,0.451924473,215,0.3992192745,
214,0.05415718257,214,0.4823022187,214,0.4523279667,214,0.3978298604,
213,0.05498872697,213,0.485019207,213,0.4492906332,213,0.3985010982,
212,0.05852164701,212,0.4700080156,212,0.4498466253,212,0.4015731514,
211,0.05979138613,211,0.444604367,211,0.4247449338,211,0.406865418,
210,0.05383145809,210,0.4353095293,210,0.3986500502,210,0.3774544001,
209,0.05261157826,209,0.3773641288,209,0.3624782264,209,0.3252581954,
208,0.1129267067,208,0.30438146,208,0.2997247577,208,0.3584317863,
207,0.05757572129,207,0.1970559508,207,0.1961211115,207,0.3199539483,
206,-0.07208323479,206,0.2382048368,206,0.1297986358,206,0.008774946444,
205,-0.006046148948,205,0.06852353364,205,-0.02691306919,205,-0.1535150111,
204,-0.05078158528,204,0.06491712481,204,-0.01179655734,204,0.001026373822,
203,-0.0145271644,203,0.09048902988,203,0.0005548835616,203,0.02317863144,
202,0.01060717832,202,0.06291383505,202,0.1167429239,202,0.07030967623,
201,-0.05024950951,201,0.06261840463,201,-0.1605605185,201,0.04827807099,
200,0.04898498952,200,-0.1569036096,200,-0.09081958979,200,-0.1658070683,

baseline,
baseline
Collection Time: 1/28/2025 3:22:41 PM
Operator Name  :
Scan Version 6.4.0.1610
Parameter List :
Instrument  Cary 5000
Instrument Version  3.07
Method Log     :
Method Name    :
Date/Time stamp: 1/28/2025 3:18:34 PM
Method Modifications:
ConcentrationReportSelected Changed: 1/28/2025 3:18:35 PM, Old:Choice 0, New:Choice 1
ConcentrationReportSelected Changed: 1/28/2025 3:18:35 PM, Old:ON, New:Choice 0
MCAReportSelected Changed: 1/28/2025 3:18:35 PM, Old:Choice 0, New:Choice 1
MCAReportSelected Changed: 1/28/2025 3:18:35 PM, Old:ON, New:Choice 0
Saved as C:\Users\ChemLab\Documents\CHEM542L\Polyenes\Spring 2025\test_run_2.BSW
End Method Modifications
<Current Wavelength> , 200.000
<SBW (nm)> , 2.00
<Energy> , 5754.40
<Slit Height> , Full

orange_1,
orange_1
Collection Time: 1/28/2025 3:28:02 PM
Operator Name  :
Scan Version 6.4.0.1610
Parameter List :
Instrument  Cary 5000
Instrument Version  3.07
Method Log     :
Method Name    :
Date/Time stamp: 1/28/2025 3:18:34 PM
Method Modifications:
ConcentrationReportSelected Changed: 1/28/2025 3:18:35 PM, Old:Choice 0, New:Choice 1
ConcentrationReportSelected Changed: 1/28/2025 3:18:35 PM, Old:ON, New:Choice 0
MCAReportSelected Changed: 1/28/2025 3:18:35 PM, Old:Choice 0, New:Choice 1
MCAReportSelected Changed: 1/28/2025 3:18:35 PM, Old:ON, New:Choice 0
Saved as C:\Users\ChemLab\Documents\CHEM542L\Polyenes\Spring 2025\test_run_2.BSW
End Method Modifications
<Current Wavelength> , 200.000
<SBW (nm)> , 2.00
<Energy> , 5754.40
<Slit Height> , Full

blue_1,
blue_1
Collection Time: 1/28/2025 3:35:10 PM
Operator Name  :
Scan Version 6.4.0.1610
Parameter List :
Instrument  Cary 5000
Instrument Version  3.07
Method Log     :
Method Name    :
Date/Time stamp: 1/28/2025 3:18:34 PM
Method Modifications:
ConcentrationReportSelected Changed: 1/28/2025 3:18:35 PM, Old:Choice 0, New:Choice 1
ConcentrationReportSelected Changed: 1/28/2025 3:18:35 PM, Old:ON, New:Choice 0
MCAReportSelected Changed: 1/28/2025 3:18:35 PM, Old:Choice 0, New:Choice 1
MCAReportSelected Changed: 1/28/2025 3:18:35 PM, Old:ON, New:Choice 0
Saved as C:\Users\ChemLab\Documents\CHEM542L\Polyenes\Spring 2025\test_run_2.BSW
End Method Modifications
<Current Wavelength> , 200.000
<SBW (nm)> , 2.00
<Energy> , 5754.40
<Slit Height> , Full

green_1,
green_1
Collection Time: 1/28/2025 3:41:36 PM
Operator Name  :
Scan Version 6.4.0.1610
Parameter List :
Instrument  Cary 5000
Instrument Version  3.07
Method Log     :
Method Name    :
Date/Time stamp: 1/28/2025 3:18:34 PM
Method Modifications:
ConcentrationReportSelected Changed: 1/28/2025 3:18:35 PM, Old:Choice 0, New:Choice 1
ConcentrationReportSelected Changed: 1/28/2025 3:18:35 PM, Old:ON, New:Choice 0
MCAReportSelected Changed: 1/28/2025 3:18:35 PM, Old:Choice 0, New:Choice 1
MCAReportSelected Changed: 1/28/2025 3:18:35 PM, Old:ON, New:Choice 0
Saved as C:\Users\ChemLab\Documents\CHEM542L\Polyenes\Spring 2025\test_run_2.BSW
End Method Modifications
<Current Wavelength> , 200.000
<SBW (nm)> , 2.00
<Energy> , 5754.40
<Slit Height> , Full

